{
  "description": "High-friction LIBERO push-box selected impulse cases. Short one-shot push, no backward push oscillation.",
  "fixed_constraints": {
    "pusher_push_distance_x_m": 0.14,
    "short_push_then_free_slide": true,
    "push_mode": "impulse",
    "controller_output_scale": 1.0,
    "enable_controller_output_scaling": false,
    "target_radius_m": 0.025
  },
  "selected_metrics": [
    {
      "success": true,
      "final_distance_m": 0.009194851078190356,
      "min_distance_m": 0.007858455923391829,
      "final_xy": [
        0.02568470246222824,
        -0.027773005862321825
      ],
      "push_action_min": 0.13819805153394643,
      "push_action_max": 0.34762337457894865,
      "push_backward_action_count": 0,
      "push_eef_backward_steps": 0,
      "max_eef_step_m": 0.03872996331136019
    },
    {
      "success": true,
      "final_distance_m": 0.013769446000299852,
      "min_distance_m": 0.013768872105835382,
      "final_xy": [
        0.00813134026279024,
        -0.02801912905165057
      ],
      "push_action_min": 0.16762337457894977,
      "push_action_max": 0.34762337457894976,
      "push_backward_action_count": 0,
      "push_eef_backward_steps": 0,
      "max_eef_step_m": 0.03276332639724742
    },
    {
      "success": true,
      "final_distance_m": 0.022235652438885662,
      "min_distance_m": 0.017408957755584622,
      "final_xy": [
        0.033493675339922174,
        -0.017326716060570454
      ],
      "push_action_min": 0.12310889132455355,
      "push_action_max": 0.30310889132455354,
      "push_backward_action_count": 0,
      "push_eef_backward_steps": 0,
      "max_eef_step_m": 0.03122666269699446
    }
  ],
  "cases": [
    {
      "case_id": "sweep_mu2000_s12_n4_a0.45",
      "friction_mu": 0.2,
      "domain": "sweep",
      "friction_group": "sweep",
      "geometry_id": "g00",
      "init_xy": [
        -0.245,
        -0.035
      ],
      "target_distance": 0.265,
      "calibration": null,
      "bddl_file": "generated_bddl/push_box_high_friction_impulse_selected/push_box_g00.bddl",
      "box_name": "cream_cheese_1",
      "target_xy": [
        0.020000000000000018,
        -0.035
      ],
      "target_radius": 0.025,
      "max_steps": 220,
      "camera_resolution": 256,
      "control_freq": 20.0,
      "geom_friction_spin": 0.004,
      "geom_friction_roll": 0.0001,
      "joint_damping": 0.0005,
      "velocity_stop_threshold": 0.012,
      "pusher_approach_steps": 25,
      "pusher_descend_steps": 35,
      "pusher_push_steps": 4,
      "pusher_retreat_steps": 60,
      "pusher_settle_steps": 120,
      "pusher_approach_offset_xy": [
        -0.12,
        0.0
      ],
      "pusher_contact_offset_xy": [
        -0.105,
        0.0
      ],
      "pusher_push_distance_x": 0.14,
      "pusher_push_profile": "smootherstep",
      "pusher_push_mode": "impulse",
      "pusher_push_yz_hold_gain": 2.0,
      "pusher_push_yz_max_action": 0.25,
      "pusher_approach_z": 1.02,
      "pusher_contact_z": 0.915,
      "pusher_retreat_z": 1.04,
      "pusher_position_gain": 10.0,
      "pusher_prepare_position_gain": 4.0,
      "pusher_retreat_position_gain": 4.0,
      "pusher_max_pos_action": 1.0,
      "pusher_prepare_max_pos_action": 0.45,
      "pusher_retreat_max_pos_action": 0.75,
      "pusher_prepare_action_delta": 0.08,
      "pusher_push_action_delta": 0.18,
      "pusher_retreat_action_delta": 0.12,
      "pusher_settle_action_delta": 0.08,
      "pusher_compensate_non_push_controller_scale": true,
      "pusher_non_push_reference_controller_scale": 8.0,
      "enable_controller_output_scaling": false,
      "max_controller_output_scale": 4.0,
      "pusher_push_controller_scale": 12.0,
      "pusher_max_push_controller_scale": 20.0,
      "pusher_push_controller_scale_ramp_steps": 2,
      "pusher_push_action_start": 0.2,
      "pusher_push_action_end": 0.45,
      "pusher_push_accel_steps": 6,
      "pusher_gripper": 1.0,
      "controller_output_scale": 1.0
    },
    {
      "case_id": "sweep_mu1500_s14_n3_a0.45",
      "friction_mu": 0.15,
      "domain": "sweep",
      "friction_group": "sweep",
      "geometry_id": "g00",
      "init_xy": [
        -0.245,
        -0.035
      ],
      "target_distance": 0.265,
      "calibration": null,
      "bddl_file": "generated_bddl/push_box_high_friction_impulse_selected/push_box_g00.bddl",
      "box_name": "cream_cheese_1",
      "target_xy": [
        0.020000000000000018,
        -0.035
      ],
      "target_radius": 0.025,
      "max_steps": 220,
      "camera_resolution": 256,
      "control_freq": 20.0,
      "geom_friction_spin": 0.004,
      "geom_friction_roll": 0.0001,
      "joint_damping": 0.0005,
      "velocity_stop_threshold": 0.012,
      "pusher_approach_steps": 25,
      "pusher_descend_steps": 35,
      "pusher_push_steps": 3,
      "pusher_retreat_steps": 60,
      "pusher_settle_steps": 120,
      "pusher_approach_offset_xy": [
        -0.12,
        0.0
      ],
      "pusher_contact_offset_xy": [
        -0.105,
        0.0
      ],
      "pusher_push_distance_x": 0.14,
      "pusher_push_profile": "smootherstep",
      "pusher_push_mode": "impulse",
      "pusher_push_yz_hold_gain": 2.0,
      "pusher_push_yz_max_action": 0.25,
      "pusher_approach_z": 1.02,
      "pusher_contact_z": 0.915,
      "pusher_retreat_z": 1.04,
      "pusher_position_gain": 10.0,
      "pusher_prepare_position_gain": 4.0,
      "pusher_retreat_position_gain": 4.0,
      "pusher_max_pos_action": 1.0,
      "pusher_prepare_max_pos_action": 0.45,
      "pusher_retreat_max_pos_action": 0.75,
      "pusher_prepare_action_delta": 0.08,
      "pusher_push_action_delta": 0.18,
      "pusher_retreat_action_delta": 0.12,
      "pusher_settle_action_delta": 0.08,
      "pusher_compensate_non_push_controller_scale": true,
      "pusher_non_push_reference_controller_scale": 8.0,
      "enable_controller_output_scaling": false,
      "max_controller_output_scale": 4.0,
      "pusher_push_controller_scale": 14.0,
      "pusher_max_push_controller_scale": 20.0,
      "pusher_push_controller_scale_ramp_steps": 2,
      "pusher_push_action_start": 0.2,
      "pusher_push_action_end": 0.45,
      "pusher_push_accel_steps": 6,
      "pusher_gripper": 1.0,
      "controller_output_scale": 1.0
    },
    {
      "case_id": "sweep_mu1000_s16_n3_a0.35",
      "friction_mu": 0.1,
      "domain": "sweep",
      "friction_group": "sweep",
      "geometry_id": "g00",
      "init_xy": [
        -0.245,
        -0.035
      ],
      "target_distance": 0.265,
      "calibration": null,
      "bddl_file": "generated_bddl/push_box_high_friction_impulse_selected/push_box_g00.bddl",
      "box_name": "cream_cheese_1",
      "target_xy": [
        0.020000000000000018,
        -0.035
      ],
      "target_radius": 0.025,
      "max_steps": 220,
      "camera_resolution": 256,
      "control_freq": 20.0,
      "geom_friction_spin": 0.004,
      "geom_friction_roll": 0.0001,
      "joint_damping": 0.0005,
      "velocity_stop_threshold": 0.012,
      "pusher_approach_steps": 25,
      "pusher_descend_steps": 35,
      "pusher_push_steps": 3,
      "pusher_retreat_steps": 60,
      "pusher_settle_steps": 120,
      "pusher_approach_offset_xy": [
        -0.12,
        0.0
      ],
      "pusher_contact_offset_xy": [
        -0.105,
        0.0
      ],
      "pusher_push_distance_x": 0.14,
      "pusher_push_profile": "smootherstep",
      "pusher_push_mode": "impulse",
      "pusher_push_yz_hold_gain": 2.0,
      "pusher_push_yz_max_action": 0.25,
      "pusher_approach_z": 1.02,
      "pusher_contact_z": 0.915,
      "pusher_retreat_z": 1.04,
      "pusher_position_gain": 10.0,
      "pusher_prepare_position_gain": 4.0,
      "pusher_retreat_position_gain": 4.0,
      "pusher_max_pos_action": 1.0,
      "pusher_prepare_max_pos_action": 0.45,
      "pusher_retreat_max_pos_action": 0.75,
      "pusher_prepare_action_delta": 0.08,